ID	NOME	QTD	PREÇO
1	milho	3	50.000000
2	Ovo	12	30.000000
3	Milho	6	12.000000
4	Arroz	3	50.000000
