ID	NOME	QTD	PREÇO
0	jao	30	30.000000
0	jao	30	30.000000
1	bolo	40	40.000000
1	bolo	40	40.000000
2	cenora	30	30.000000
2	cenora	30	30.000000
