ID	NOME	QTD	PREÇO
2	Ovo	36	35.000000
3	milho	6	60.000000
4	Trigo	5	60.000000
5	Cebola	15	25.000000
6	teste	7	1.000000
7	pudim	20	60.000000
