ID	NOME	QTD	PREÇO
2	ovo	24	30.000000
3	milho	6	60.000000
