ID	ID_CLIENTE	ID_PRODUTO	QTD_PRODUTO	PRECO_CUSTO	PRECO_VENDA	DATA_ENTREGA	STATUS
1	1	7,8	7,8	345.000000	603.750000	22/22/22	Enviado
2	2	9	50	1150.000000	2012.500000	33/33/33	Enviado
3	3	8	3	72.000000	126.000000	44/44/44	Preparação
4	5	7	3	69.000000	120.750000	55/55/55	Preparação
