ID	NOME	UNI_MEDIDA	INGREDIENTES	PREÃ‡O
6	bolo de ma‡a	1kg	2,4	23.000000
9	agua	1l	6	23.000000
11	mesa	1k	6	23.000000
13	teste2	5kg	3,6	52.000000
15	teste	1kg	7	20.000000
