ID	NOME	UNI_MEDIDA	INGREDIENTES	PREÇO
6	bolo	1k	3	23.000000
8	celular	1k	6	24.000000
9	agua	1l	6	23.000000
11	mesa	1k	6	23.000000
